{"cameraMode":{"drawMode":0,"name":"Shaded","section":"Shading Mode"},"sceneLighting":false,"audioPlay":false,"sceneViewState":{"showFog":true,"showMaterialUpdate":false,"showSkybox":false,"showFlares":true,"showImageEffects":true,"showParticleSystems":true},"in2DMode":false,"pivot":{"x":-35.913902282714847,"y":3.3577346801757814,"z":6.6873273849487309},"rotation":{"x":0.12185181677341461,"y":0.8732578158378601,"z":-0.3793463706970215,"w":0.2804996371269226},"size":12.361186027526856,"orthographic":false}