{"cameraMode":{"drawMode":0,"name":"Shaded","section":"Shading Mode"},"sceneLighting":false,"audioPlay":false,"sceneViewState":{"showFog":true,"showMaterialUpdate":false,"showSkybox":false,"showFlares":true,"showImageEffects":true,"showParticleSystems":true},"in2DMode":false,"pivot":{"x":-48.95258712768555,"y":2.159558057785034,"z":0.8662333488464356},"rotation":{"x":-0.08190616220235825,"y":0.8531467318534851,"z":-0.14101719856262208,"w":-0.49552688002586367},"size":5.2909393310546879,"orthographic":false}