{"cameraMode":{"drawMode":0,"name":"Shaded","section":"Shading Mode"},"sceneLighting":false,"audioPlay":false,"sceneViewState":{"showFog":true,"showMaterialUpdate":false,"showSkybox":false,"showFlares":true,"showImageEffects":true,"showParticleSystems":true},"in2DMode":false,"pivot":{"x":-35.95143127441406,"y":3.5809478759765627,"z":-0.14710235595703126},"rotation":{"x":-0.4587320387363434,"y":0.4215276837348938,"z":-0.26240774989128115,"w":-0.7369024753570557},"size":19.753564834594728,"orthographic":false}