{"cameraMode":{"drawMode":0,"name":"Shaded","section":"Shading Mode"},"sceneLighting":false,"audioPlay":false,"sceneViewState":{"showFog":true,"showMaterialUpdate":false,"showSkybox":false,"showFlares":true,"showImageEffects":true,"showParticleSystems":true},"in2DMode":false,"pivot":{"x":-43.32465362548828,"y":-16.063884735107423,"z":13.10836410522461},"rotation":{"x":-0.16705535352230073,"y":0.8322752714157105,"z":-0.3916255235671997,"w":-0.3550230860710144},"size":40.878929138183597,"orthographic":false}