{"cameraMode":{"drawMode":0,"name":"Shaded","section":"Shading Mode"},"sceneLighting":false,"audioPlay":false,"sceneViewState":{"showFog":true,"showMaterialUpdate":false,"showSkybox":false,"showFlares":true,"showImageEffects":true,"showParticleSystems":true},"in2DMode":false,"pivot":{"x":-0.3878045082092285,"y":5.459654808044434,"z":1.716301441192627},"rotation":{"x":-0.16705535352230073,"y":0.8322752714157105,"z":-0.3916255235671997,"w":-0.3550230860710144},"size":4.436007499694824,"orthographic":false}