{"cameraMode":{"drawMode":0,"name":"Shaded","section":"Shading Mode"},"sceneLighting":false,"audioPlay":false,"sceneViewState":{"showFog":true,"showMaterialUpdate":false,"showSkybox":false,"showFlares":true,"showImageEffects":true,"showParticleSystems":true},"in2DMode":false,"pivot":{"x":-25.436365127563478,"y":13.78397274017334,"z":11.634507179260254},"rotation":{"x":-0.16705535352230073,"y":0.8322752714157105,"z":-0.3916255235671997,"w":-0.3550230860710144},"size":19.115772247314454,"orthographic":false}