{"cameraMode":{"drawMode":0,"name":"Shaded","section":"Shading Mode"},"sceneLighting":true,"audioPlay":false,"sceneViewState":{"showFog":true,"showMaterialUpdate":false,"showSkybox":true,"showFlares":true,"showImageEffects":true,"showParticleSystems":true},"in2DMode":false,"pivot":{"x":3.999838352203369,"y":3.3783645629882814,"z":3.713925838470459},"rotation":{"x":-0.15477633476257325,"y":0.28370383381843569,"z":-0.04645640775561333,"w":-0.9451988339424133},"size":1.648939847946167,"orthographic":false}