{"cameraMode":{"drawMode":0,"name":"Shaded","section":"Shading Mode"},"sceneLighting":false,"audioPlay":false,"sceneViewState":{"showFog":true,"showMaterialUpdate":false,"showSkybox":false,"showFlares":true,"showImageEffects":true,"showParticleSystems":true},"in2DMode":false,"pivot":{"x":-0.6736068725585938,"y":3.2372236251831056,"z":0.16343355178833009},"rotation":{"x":-0.00129143544472754,"y":0.9966860413551331,"z":-0.07971437275409699,"w":-0.01614672690629959},"size":3.9301154613494875,"orthographic":false}