{"cameraMode":{"drawMode":0,"name":"Shaded","section":"Shading Mode"},"sceneLighting":false,"audioPlay":false,"sceneViewState":{"showFog":false,"showMaterialUpdate":false,"showSkybox":false,"showFlares":false,"showImageEffects":false,"showParticleSystems":false},"in2DMode":false,"pivot":{"x":-1.1989718675613404,"y":0.00009989505633711815,"z":-1.87113356590271},"rotation":{"x":0.027785640209913255,"y":-0.9659779071807861,"z":0.22903788089752198,"w":0.11706405878067017},"size":0.007395029067993164,"orthographic":false}