{"cameraMode":{"drawMode":0,"name":"Shaded","section":"Shading Mode"},"sceneLighting":false,"audioPlay":false,"sceneViewState":{"showFog":false,"showMaterialUpdate":false,"showSkybox":false,"showFlares":false,"showImageEffects":false,"showParticleSystems":false},"in2DMode":false,"pivot":{"x":3.440000057220459,"y":14.950000762939454,"z":3.0},"rotation":{"x":-0.40460440516471865,"y":0.054003696888685229,"z":-0.023921769112348558,"w":-0.9126063585281372},"size":327.6988525390625,"orthographic":false}