{"cameraMode":{"drawMode":0,"name":"Shaded","section":"Shading Mode"},"sceneLighting":false,"audioPlay":false,"sceneViewState":{"showFog":false,"showMaterialUpdate":false,"showSkybox":false,"showFlares":false,"showImageEffects":false,"showParticleSystems":false},"in2DMode":false,"pivot":{"x":-0.1618749499320984,"y":0.12299329787492752,"z":0.5318735837936401},"rotation":{"x":-0.13283608853816987,"y":-0.8492461442947388,"z":0.254648894071579,"w":-0.44309988617897036},"size":0.013808131217956543,"orthographic":false}