{"cameraMode":{"drawMode":0,"name":"Shaded","section":"Shading Mode"},"sceneLighting":false,"audioPlay":false,"sceneViewState":{"showFog":false,"showMaterialUpdate":false,"showSkybox":false,"showFlares":false,"showImageEffects":false,"showParticleSystems":false},"in2DMode":false,"pivot":{"x":3.8373682498931886,"y":16.258655548095704,"z":4.2018938064575199},"rotation":{"x":-0.2348804920911789,"y":-0.49640944600105288,"z":0.14158907532691956,"w":-0.8236558437347412},"size":1.2276161909103394,"orthographic":false}