{"cameraMode":{"drawMode":0,"name":"Shaded","section":"Shading Mode"},"sceneLighting":false,"audioPlay":false,"sceneViewState":{"showFog":false,"showMaterialUpdate":false,"showSkybox":false,"showFlares":false,"showImageEffects":false,"showParticleSystems":false},"in2DMode":false,"pivot":{"x":-1.1850000619888306,"y":-1.4901161193847657e-8,"z":-1.9500000476837159},"rotation":{"x":-0.2348804920911789,"y":-0.49640944600105288,"z":0.14158907532691956,"w":-0.8236558437347412},"size":0.5540374517440796,"orthographic":false}