{"cameraMode":{"drawMode":0,"name":"Shaded","section":"Shading Mode"},"sceneLighting":false,"audioPlay":false,"sceneViewState":{"showFog":false,"showMaterialUpdate":false,"showSkybox":false,"showFlares":false,"showImageEffects":false,"showParticleSystems":false},"in2DMode":false,"pivot":{"x":4.076765537261963,"y":11.540968894958496,"z":2.693697452545166},"rotation":{"x":-0.13188035786151887,"y":0.025868363678455354,"z":-0.003434724872931838,"w":-0.9909375905990601},"size":2.6927244663238527,"orthographic":false}