{"cameraMode":{"drawMode":0,"name":"Shaded","section":"Shading Mode"},"sceneLighting":false,"audioPlay":false,"sceneViewState":{"showFog":false,"showMaterialUpdate":false,"showSkybox":false,"showFlares":false,"showImageEffects":false,"showParticleSystems":false},"in2DMode":false,"pivot":{"x":17.393096923828126,"y":7.900338172912598,"z":20.963151931762697},"rotation":{"x":-0.11083094030618668,"y":0.4717828631401062,"z":-0.05988795682787895,"w":-0.8726956248283386},"size":12.985502243041993,"orthographic":false}