{"cameraMode":{"drawMode":0,"name":"Shaded","section":"Shading Mode"},"sceneLighting":false,"audioPlay":false,"sceneViewState":{"showFog":false,"showMaterialUpdate":false,"showSkybox":false,"showFlares":false,"showImageEffects":false,"showParticleSystems":false},"in2DMode":false,"pivot":{"x":374.59149169921877,"y":33.10026168823242,"z":-23.42633056640625},"rotation":{"x":-0.0362650603055954,"y":0.04555373638868332,"z":-0.0016351953381672502,"w":-0.998323917388916},"size":138.298095703125,"orthographic":false}