{"cameraMode":{"drawMode":0,"name":"Shaded","section":"Shading Mode"},"sceneLighting":false,"audioPlay":false,"sceneViewState":{"showFog":false,"showMaterialUpdate":false,"showSkybox":false,"showFlares":false,"showImageEffects":false,"showParticleSystems":false},"in2DMode":false,"pivot":{"x":7.562506198883057,"y":14.529401779174805,"z":0.955369234085083},"rotation":{"x":-0.07949500530958176,"y":-0.49600568413734438,"z":0.045673009008169177,"w":-0.8634835481643677},"size":2.0808651447296144,"orthographic":false}